stage,gate_id,checks,motivating_incident,cost_to_run,cost_if_skipped,automatable
S0 spec,spec_provenance,"every number in the spec resolves to a source (structure, measurement, or a dated decision)","44 electrons / 88 qubits on 5 genes with no derivation; CAS(53,38) attributed to advice that never issued it",seconds,a placeholder is reported as a measurement,yes
S0 spec,spec_frozen_threshold,"AVAS threshold, M ladder and bond dimensions are set BEFORE the run and hashed",threshold tuned post hoc would hit any target orbital count,seconds,the space becomes a free parameter,yes
S1 structure,anchor_modelled,"the anchor residue has coordinates, with the expected identity","4 of 5 BRAF V600E structures: SIFTS says V600E, residue 600 has no atoms (3IDP gap 598-613)",seconds,nothing to carve; silent empty cluster,yes
S1 structure,substitutions_vs_reference,every difference from UniProt is accounted for; only the target mutation allowed,"4XV2 carries 12 engineered substitutions, 6V34 carries 15; STK11 2WTK has engineered ALA194",seconds,a different protein is measured,yes
S1 structure,ligand_clearance,no ligand heavy atom inside the cluster radius,"PIK3CA inhibitor 2.47 A from Arg1047, H-bonding distance, in a cryptic pocket that does not exist without it",seconds,a cavity that does not exist is computed,yes
S1 structure,core_geometry_vs_reference,metal core geometry sits inside the high-resolution reference distribution,"8GS8 S1 [2Fe-2S] Fe-Fe 3.105 A = +13.5 sigma, with Fe-S-Fe 88.2 deg vs 74.7+/-1.4 -- biases toward a FALSE negative",seconds,a refinement artifact is reported as chemistry,yes
S2 model,charge_from_atoms,"net charge derived from the atom list, never from the formal-charge recipe",EXPECTED_NET_CHARGE and the charge passed to gto.M() were both computed from the same recipe: a constant compared to itself,seconds,protonation errors are structurally invisible,yes
S2 model,ligands_deprotonated,no hydrogen within 1.6 A of a metal-ligating sulfur,3 ligating Cys built as neutral thiols; 7 H per residue instead of 6,seconds,3-4 extra electrons injected into the cluster,yes
S2 model,electron_spin_parity,(nelectron - spin) % 2 == 0,SDHB S3 crashed here. S1 and S2 have 4 ligands (even) and the SAME bug passes silently,seconds,silent on any even-ligand cluster -- parity alone is not enough,yes
S2 model,environment_completeness,H-bond donors and formal charge within the radius are either included or declared missing,43-atom model omitted 10 of 12 backbone N-H...S donors and a net +2 counter-charge; SCF then found a ligand-radical state,seconds,the SCF converges to a different chemical species,partial
S3 scf,state_spin_populations,"scale-free: max(ligand)/min(Fe) <= 0.35, sum(Fe)/2S in [0.60,0.85], Fe spread <= 0.5, off-cluster <= 0.3",ROHF minimum had a LIGAND (1.04) outranking an IRON (0.93); <S^2> was 63.75 exactly and carried zero information,seconds,a converged SCF on the wrong electronic state,yes
S3 scf,reference_energy_identity,the embedding check compares against the HF energy on the ACTUAL orbitals used,"with BP86 orbitals, comparing against E_KS instead of E_HF(BP86 density) is a 15.1 Hartree error that mimics an embedding bug",seconds,an allocation spent diagnosing a non-bug,yes
S4 space,embedding_determinant,<det|H_CAS|det> reproduces the reference energy to < 1 mHa,"openshell_option=2 put a SOMO in the core: 57.2 electrons in a CAS defined for 51, determinant 4335 mHa off",minutes,the whole ladder sits above E_SCF and is meaningless,yes
S4 space,avas_target_resolution,"AVAS AO labels resolve to the intended ATOMS, not just the intended element","the label 'S 3p' matched the three Cys thiolates as well: 36 target AOs instead of 27, for weeks",seconds,the reported space is not the specified space,yes
S4 space,filling_and_alpha_virtuals,filling and the number of alpha virtuals in EVERY spin leg,"CAS(49,32) at 2S=15 has nalpha = ncas: zero alpha virtuals, alpha string space of dimension 1, legs 171x apart in Schmidt rank",seconds,"the ratio measures combinatorics, not chemistry",yes
S5 solver,module_integrity,"every imported module reports path, byte size and symbol count","a git-show sync truncated files to 0 bytes twice; ast.parse('') raises nothing, so a zero-byte file is a valid module",seconds,production runs against code that is not there,yes
S5 solver,variational_sanity,E(M) <= E_SCF at every rung -- a single determinant IS a bond-dimension-1 MPS,the first production Class A had all seven points ABOVE E_SCF and was emitted anyway,free,a retracted result,yes
S5 solver,sweep_convergence,no rung is still decaying when the ladder stops; the not-decaying sentinel cannot be outvoted,"max(... or 0) aggregated the -1 'not decaying' sentinel, so 0 > -1 and the report read 'about 0 more sweeps'",free,a ladder read as converged when it is not,yes
S5 solver,exception_not_downgraded,no caught exception is reported as a completed step,'[discarded-weight extrapolation] skipped (AttributeError)' was printed and the run continued to a verdict,free,a missing step looks like a performed step,yes
S6 verdict,control_matched,"the control matches (nelecas, ncas, 2S), basis family and protocol","2S match is not optional: nalpha, nbeta and the Schmidt rank are all set by it",hours (one control run),the ratio has no denominator anyone can defend,yes
S6 verdict,feasibility_declared,"M_FEASIBLE measured from wall-clock, and M*(extrapolated) compared against it","Class A was emitted at 6.2% of M_FEASIBLE with no feasibility guard; and at CAS(36,34) the exact rank is 1.26e10, so M=4000 is 6.5 orders short -- the criterion returned Class A for a saturated alkane",free,every large system is Class A by construction,yes
S6 verdict,threshold_not_tuned,"the decision threshold is calibrated from controls only, never from targets",five retractions; the S_max = 0.60 bar was met at 0.575 and omitted from the verdict,free,the threshold becomes a function of the result,NO - investigator decision
S6 verdict,outcome_space,INCONCLUSIVE is an available outcome alongside the positive and negative verdicts,the two criteria disagreed and were combined by OR over an intrinsic and a procedural property,free,disagreement is resolved by whichever criterion fires,NO - investigator decision
